{

    "metadata" :
    {
        "formatVersion" : 3.1,
        "sourceFile"    : "Untitled.obj",
        "generatedBy"   : "OBJConverter",
        "vertices"      : 24,
        "faces"         : 8,
        "normals"       : 24,
        "colors"        : 0,
        "uvs"           : 24,
        "materials"     : 0
    },

    "scale" : 1.000000,

    "materials": [	{
	"DbgColor" : 15658734,
	"DbgIndex" : 0,
	"DbgName" : "default"
	}],

    "vertices": [-3.053051,-0.317431,0.000000,-3.053051,-0.317431,138.938477,147.966995,-0.317431,0.000000,147.966995,-0.317431,138.938477,147.966995,-0.317431,0.000000,147.966995,-0.317431,138.938477,147.966995,154.313293,0.000000,147.966995,154.313293,138.938477,147.966995,154.313293,0.000000,147.966995,154.313293,138.938477,-3.053051,154.313293,0.000000,-3.053051,154.313293,138.938477,-3.053051,154.313293,0.000000,-3.053051,154.313293,138.938477,-3.053051,-0.317431,0.000000,-3.053051,-0.317431,138.938477,-3.053051,-0.317431,0.000000,147.966995,-0.317431,0.000000,147.966995,154.313293,0.000000,-3.053051,154.313293,0.000000,-3.053051,-0.317431,138.938477,147.966995,-0.317431,138.938477,147.966995,154.313293,138.938477,-3.053051,154.313293,138.938477],

    "morphTargets": [],

    "morphColors": [],

    "normals": [0,-1,0,0,-1,0,0,-1,0,0,-1,0,1,0,0,1,0,0,1,0,0,1,0,0,0,1,0,0,1,0,0,1,0,0,1,0,-1,0,0,-1,0,0,-1,0,0,-1,0,0,0,0,-1,0,0,-1,0,0,-1,0,0,-1,0,0,1,0,0,1,0,0,1,0,0,1],

    "colors": [],

    "uvs": [[0,0,0,0.65753,0.24705,0,0.24705,0.65753,0.24705,0,0.24705,0.65753,0.5,0,0.5,0.65753,0.5,0,0.5,0.65753,0.74705,0,0.74705,0.65753,0.74705,0,0.74705,0.65753,1,0,1,0.65753,0.25295,1,0.25295,0.65753,0,0.65753,0,1,1,0.65753,1,1,0.74705,1,0.74705,0.65753]],

    "faces": [43,0,2,3,1,0,0,2,3,1,0,2,3,1,43,4,6,7,5,0,4,6,7,5,4,6,7,5,43,8,10,11,9,0,8,10,11,9,8,10,11,9,43,12,14,15,13,0,12,14,15,13,12,14,15,13,42,17,16,19,0,17,16,19,17,16,19,42,19,18,17,0,19,18,17,19,18,17,42,21,23,20,0,21,23,20,21,23,20,42,23,21,22,0,23,21,22,23,21,22]

}
