{
    "metadata" :
    {
        "formatVersion" : 3.1,
        "sourceFile"    : "islands04.obj",
        "generatedBy"   : "OBJConverter",
        "vertices"      : 6,
        "faces"         : 2,
        "normals"       : 6,
        "colors"        : 0,
        "uvs"           : 6,
        "materials"     : 0
    },
    "scale" : 1.000000,
    "materials": [	{
	"DbgColor" : 15658734,
	"DbgIndex" : 0,
	"DbgName" : "default"
	}],
    "vertices": [-103.130638,0.000000,-6.429878,-176.276779,51.261753,-7.443145,-249.422913,102.523506,-8.456413,-101.161903,0.000000,-31.531294,-175.292404,51.261753,-31.766521,-249.422913,102.523506,-32.001747],
    "morphTargets": [],
    "morphColors": [],
    "normals": [0.57291,0.81838,0.044934,0.57354,0.81885,0.023211,0.57391,0.81892,1.0902e-15,0.5681,0.82175,0.044557,0.56856,0.82232,0.02301,0.56876,0.8225,1.0804e-15],
    "colors": [],
    "uvs": [[0,0,0,0.5,0,1,1,0,1,0.5,1,1]],
    "faces": [43,4,1,0,3,0,4,1,0,3,4,1,0,3,43,5,2,1,4,0,5,2,1,4,5,2,1,4]
}
