{
    "metadata" :
    {
        "formatVersion" : 3.1,
        "sourceFile"    : "islands05.obj",
        "generatedBy"   : "OBJConverter",
        "vertices"      : 52,
        "faces"         : 33,
        "normals"       : 52,
        "colors"        : 0,
        "uvs"           : 52,
        "materials"     : 0
    },
    "scale" : 1.000000,
    "materials": [	{
	"DbgColor" : 15658734,
	"DbgIndex" : 0,
	"DbgName" : "default"
	}],
    "vertices": [108.086258,155.984711,261.774536,101.062431,158.160599,274.097198,101.500214,155.984711,274.326904,103.695564,155.984711,270.142792,105.890907,155.984711,265.958649,107.648468,158.160599,261.544830,105.453125,158.160599,265.728943,103.257774,158.160599,269.913086,101.500214,155.984711,274.326904,-188.978073,84.807350,121.917412,-188.336029,81.616280,122.254280,-43.417904,118.800491,198.290588,101.062431,158.160599,274.097198,96.901672,158.160599,271.914124,-46.038197,121.483978,196.915771,-188.978073,84.807350,121.917412,-188.336029,81.616280,122.254280,-182.392029,84.807350,109.365028,-181.749985,81.616280,109.701897,-185.685043,84.807350,115.641220,-185.042999,81.616280,115.978088,-182.392029,84.807350,109.365028,-181.749985,81.616280,109.701897,108.086258,155.984711,261.774536,-39.452152,121.483978,184.363388,103.487717,158.160599,259.361725,-36.831863,118.800491,185.738205,107.648468,158.160599,261.544830,-182.392029,84.807350,109.365028,-188.978073,84.807350,121.917412,-185.685043,84.807350,115.641220,-39.452152,121.483978,184.363388,103.487717,158.160599,259.361725,100.194695,158.160599,265.637939,96.901672,158.160599,271.914124,-46.038197,121.483978,196.915771,108.086258,155.984711,261.774536,-181.749985,81.616280,109.701897,101.500214,155.984711,274.326904,-188.336029,81.616280,122.254280,105.890907,155.984711,265.958649,103.695564,155.984711,270.142792,-43.417904,118.800491,198.290588,-185.042999,81.616280,115.978088,-36.831863,118.800491,185.738205,101.062431,158.160599,274.097198,103.487717,158.160599,259.361725,107.648468,158.160599,261.544830,105.453125,158.160599,265.728943,103.257774,158.160599,269.913086,96.901672,158.160599,271.914124,100.194695,158.160599,265.637939],
    "morphTargets": [],
    "morphColors": [],
    "normals": [0.8635,0.22156,0.45307,0.8635,0.22156,0.45307,0.8635,0.22156,0.45307,0.8635,0.22156,0.45307,0.8635,0.22156,0.45307,0.8635,0.22156,0.45307,0.8635,0.22156,0.45307,0.8635,0.22156,0.45307,-0.46461,-6.0507e-15,0.88551,-0.46461,1.707e-15,0.88551,-0.46461,1.6931e-15,0.88551,-0.46461,-1.36e-15,0.88551,-0.46461,-6.023e-15,0.88551,-0.46461,5.9674e-16,0.88551,-0.46461,-1.5127e-15,0.88551,-0.8635,-0.22156,-0.45307,-0.8635,-0.22156,-0.45307,-0.8635,-0.22156,-0.45307,-0.8635,-0.22156,-0.45307,-0.8635,-0.22156,-0.45307,-0.8635,-0.22156,-0.45307,0.46461,4.4548e-15,-0.88551,0.46461,4.427e-15,-0.88551,0.46461,4.427e-15,-0.88551,0.46461,7.6605e-15,-0.88551,0.46461,-4.6213e-15,-0.88551,0.46461,6.0507e-15,-0.88551,0.46461,4.4409e-15,-0.88551,-0.1962,0.97515,-0.10294,-0.1962,0.97515,-0.10294,-0.1962,0.97515,-0.10294,-0.1962,0.97515,-0.10294,-0.1962,0.97515,-0.10294,-0.1962,0.97515,-0.10294,-0.1962,0.97515,-0.10294,-0.1962,0.97515,-0.10294,0.1962,-0.97515,0.10294,0.1962,-0.97515,0.10294,0.1962,-0.97515,0.10294,0.1962,-0.97515,0.10294,0.1962,-0.97515,0.10294,0.1962,-0.97515,0.10294,0.1962,-0.97515,0.10294,0.1962,-0.97515,0.10294,0.1962,-0.97515,0.10294,1.4498e-17,1,-6.2395e-17,1.3473e-17,1,-6.3515e-17,-1.3483e-17,1,6.3066e-17,0,1,0,-2.8309e-17,1,1.2524e-16,-2.9002e-17,1,1.2572e-16,1.3981e-17,1,-6.3191e-17],
    "colors": [],
    "uvs": [[0,0,0.0064784,0.041156,0,0.041156,0,0.027437,0,0.013719,0.0064784,0,0.0064784,0.013719,0.0064784,0.027437,0.015979,0,0.024016,0.97305,0.015979,0.97305,0.015979,0.48653,0.021459,0,0.024016,0.013283,0.024016,0.49317,0.014515,0,0.0064784,0,0.014515,0.041156,0.0064784,0.041156,0.014515,0.020578,0.0064784,0.020578,0.02548,0.88915,0.02548,0.89865,0.99854,0.89865,0.50537,0.88915,0.98525,0.88915,0.51201,0.89865,0.99854,0.89217,0.02548,0,0.02548,0.041156,0.02548,0.020578,0.50609,0,0.9867,0,0.9867,0.020578,0.9867,0.041156,0.50609,0.041156,0.99854,0.36981,0.02548,0.36981,0.99854,0.41096,0.02548,0.41096,0.99854,0.38353,0.99854,0.39725,0.51201,0.41096,0.02548,0.39039,0.51201,0.36981,0.02548,0.75626,0.071204,0.73962,0.067301,0.75399,0.053352,0.75474,0.039411,0.75549,0.029112,0.74152,0.05015,0.74056]],
    "faces": [43,5,6,4,0,0,5,6,4,0,5,6,4,0,43,3,4,6,7,0,3,4,6,7,3,4,6,7,43,7,1,2,3,0,7,1,2,3,7,1,2,3,42,11,8,12,0,11,8,12,11,8,12,42,13,14,12,0,13,14,12,13,14,12,42,12,9,10,0,12,9,10,12,9,10,42,10,11,12,0,10,11,12,10,11,12,42,9,12,14,0,9,12,14,9,12,14,43,16,15,19,20,0,16,15,19,20,16,15,19,20,43,17,18,20,19,0,17,18,20,19,17,18,20,19,42,27,22,21,0,27,22,21,27,22,21,42,24,27,21,0,24,27,21,24,27,21,42,22,27,26,0,22,27,26,22,27,26,42,27,23,26,0,27,23,26,27,23,26,42,25,27,24,0,25,27,24,25,27,24,42,31,33,32,0,31,33,32,31,33,32,42,31,28,30,0,31,28,30,31,28,30,42,30,33,31,0,30,33,31,30,33,31,42,33,30,35,0,33,30,35,33,30,35,42,35,30,29,0,35,30,29,35,30,29,42,34,33,35,0,34,33,35,34,33,35,42,44,36,40,0,44,36,40,44,36,40,42,44,43,37,0,44,43,37,44,43,37,42,43,44,40,0,43,44,40,43,44,40,42,42,41,38,0,42,41,38,42,41,38,42,39,43,42,0,39,43,42,39,43,42,42,41,42,43,0,41,42,43,41,42,43,42,40,41,43,0,40,41,43,40,41,43,42,49,50,45,0,49,50,45,49,50,45,42,48,50,49,0,48,50,49,48,50,49,42,47,46,51,0,47,46,51,47,46,51,42,51,48,47,0,51,48,47,51,48,47,42,50,48,51,0,50,48,51,50,48,51]
}
